{
  "abstract_label_only_precision": 0.42857142857142855,
  "abstract_label_only_recall": 0.08333333333333333,
  "abstract_label_only_f1": 0.13953488372093023,
  "abstract_rationalized_precision": 0.0,
  "abstract_rationalized_recall": 0.0,
  "abstract_rationalized_f1": 0.0,
  "sentence_selection_precision": 0.2857142857142857,
  "sentence_selection_recall": 0.021052631578947368,
  "sentence_selection_f1": 0.0392156862745098,
  "sentence_label_precision": 0.0,
  "sentence_label_recall": 0.0,
  "sentence_label_f1": 0.0
}